,Michael Jackson,Clint Black,Dropdead,Anti-Cimex,Cardi B,F1,F2
Alfred,3.0,4.0,,4.0,4.0,3.8209560521584276,3.3957621852259816
Mandy,,9.0,,3.0,8.0,3.7103472902488406,7.006196610731773
Lenny,2.0,5.0,8.0,9.0,,7.113262668529762,3.9525016538210918
Joan,3.0,,9.0,4.0,9.0,5.240167491810226,10.035758971778685
Tino,1.0,1.0,,9.0,5.0,5.863280142556007,2.197481536483684
